sentence1,sentence2,label,idx,prediction,probability
he said the foodservice pie business doesn 't fit the company 's long-term growth strategy .,""" the foodservice pie business does not fit our long-term growth strategy .",1,9,1,0.8521225415585003
magnarelli said racicot hated the iraqi regime and looked forward to using his long years of training in the war .,"his wife said he was "" 100 percent behind george bush "" and looked forward to using his years of training in the war .",0,18,1,0.6497102658065372
"the dollar was at 116.92 yen against the yen , flat on the session , and at 1.2891 against the swiss franc , also flat .","the dollar was at 116.78 yen jpy = , virtually flat on the session , and at 1.2871 against the swiss franc chf = , down 0.1 percent .",0,25,0,0.49622896579922415
the afl-cio is waiting until october to decide if it will endorse a candidate .,the afl-cio announced wednesday that it will decide in october whether to endorse a candidate before the primaries .,1,32,1,0.6882164002820058
no dates have been set for the civil or the criminal trial .,"no dates have been set for the criminal or civil cases , but shanley has pleaded not guilty .",0,33,1,0.6288565185741399
wal-mart said it would check all of its million-plus domestic workers to ensure they were legally employed .,it has also said it would review all of its domestic employees more than 1 million to ensure they have legal status .,1,50,1,0.8149338643093005
"while dioxin levels in the environment were up last year , they have dropped by 75 percent since the 1970s , said caswell .",the institute said dioxin levels in the environment have fallen by as much as 76 percent since the 1970s .,0,54,1,0.7016836314481886
"this integrates with rational purifyplus and allows developers to work in supported versions of java , visual c # and visual basic .net.","ibm said the rational products were also integrated with rational purifyplus , which allows developers to work in java , visual c # and visualbasic .net.",1,55,1,0.7579322161718013
"the top rate will go to 4.45 percent for all residents with taxable incomes above $ 500,000 .","for residents with incomes above $ 500,000 , the income-tax rate will increase to 4.45 percent .",1,73,1,0.5442610552149721
"the results appear in the january issue of cancer , an american cancer society journal , being published online today .","the results appear in the january issue of cancer , an american cancer society ( news - web sites ) journal , being published online monday .",1,77,1,0.8354889684884416
"the delegates said raising and distributing funds has been complicated by the u.s. crackdown on jihadi charitable foundations , bank accounts of terror-related organizations and money transfers .","bin laden ’ s men pointed out that raising and distributing funds has been complicated by the u.s. crackdown on jihadi charitable foundations , bank accounts of terror-related organizations and money transfers .",1,79,1,0.7115503387569135
""" sanitation is poor ... there could be typhoid and cholera , "" he said .",""" sanitation is poor , drinking water is generally left behind . . . there could be typhoid and cholera . """,0,83,1,0.6990659268689757
"the broader standard & poor 's 500 index .spx gave up 11.91 points , or 1.19 percent , at 986.60 .","the technology-laced nasdaq composite index was down 25.36 points , or 1.53 percent , at 1,628.26 .",0,92,0,0.1341171885125603
"the only announced republican to replace davis is rep. darrell issa of vista , who has spent $ 1.71 million of his own money to force a recall .","so far the only declared major party candidate is rep. darrell issa , a republican who has spent $ 1.5 million of his own money to fund the recall .",1,102,1,0.7163670277870171
the decision to issue new guidance has been prompted by intelligence passed to britain by the fbi in a secret briefing in late july .,scotland yard 's decision to issue new guidance has been prompted by new intelligence passed to britain by the fbi in late july .,1,125,1,0.7294742701927557
"unable to find a home for him , a judge told mental health authorities they needed to find supervised housing and treatment for devries somewhere in california .",the judge had told the state department of mental health to find supervised housing and treatment for devries somewhere in california .,1,127,1,0.6413163115829761
"the decision came a year after whipple ended federal oversight of the district 's racial balance , facilities , budget , and busing .","the decision came a year after whipple ended federal oversight of school busing as well as the district 's racial balance , facilities and budget .",1,129,1,0.7877498312923453
"in midafternoon trading , the nasdaq composite index was up 8.34 , or 0.5 percent , to 1,790.47 .","the nasdaq composite index .ixic dipped 8.59 points , or 0.48 percent , to 1,773.54 .",0,143,0,0.2156714168223741
"morgan stanley raised its rating on the beverage maker to "" overweight "" from "" equal-weight "" saying in part that pricing power with its bottlers should improve in 2004 .","morgan stanley raised its rating on the company to "" overweight "" from "" equal-weight , "" saying the beverage maker 's pricing power with bottlers should improve in 2004 .",1,173,1,0.7396060757487865
"the pound also made progress against the dollar , reached fresh three-year highs at $ 1.6789 .","the british pound flexed its muscle against the dollar , last up 1 percent at $ 1.6672 .",0,175,1,0.5149787864553836
"friday , stanford ( 47-15 ) blanked the gamecocks 8-0 .",stanford ( 46-15 ) has a team full of such players this season .,0,185,0,0.48069656156103213
last month intel raised its revenue guidance for the quarter to between $ 7.6 billion and $ 7.8 billion .,"at the end of the second quarter , intel initially predicted sales of between $ 6.9 billion and $ 7.5 billion .",1,195,1,0.7327965204728508
"the driver , eugene rogers , helped to remove children from the bus , wood said .","at the accident scene , the driver was "" covered in blood "" but helped to remove children , wood said .",0,222,1,0.6839127111441843
"ong kong , july 9 tens of thousands of demonstrators gathered tonight before the legislature building here to call for free elections and the resignation of hong kong 's leader .",tens of thousands of demonstrators gathered yesterday evening to stand before this city 's legislature building and call for free elections and the resignation of hong kong 's leader .,1,230,1,0.6440955261511241
"saddam loyalists have been blamed for sabotaging the nation 's infrastructure , as well as frequent attacks on u.s. soldiers .",hussein loyalists have been blamed for sabotaging the nation 's infrastructure and attacking us soldiers .,1,238,1,0.7939552810778325
its closest living relatives are a family frogs called sooglossidae that are found only in the seychelles in the indian ocean .,"its closest relative is found in the seychelles archipelago , near madagascar in the indian ocean .",1,245,1,0.741504944858837
cooley said he expects muhammad will similarly be called as a witness at a pretrial hearing for malvo .,lee boyd malvo will be called as a witness wednesday in a pretrial hearing for fellow sniper suspect john allen muhammad .,0,284,1,0.6997229111610253
""" instead of pursuing the most imminent and real threats - international terrorists , "" graham said , "" this bush administration chose to settle old scores . """,""" instead of pursuing the most imminent and real threats - international terrorists - this bush administration has chosen to settle old scores , "" graham said .",1,313,1,0.7845533512104221
he said they lied on a sworn affidavit that requires them to list prior marriages .,"morgenthau said the women , all u.s. citizens , lied on a sworn affidavit that requires them to list prior marriages .",1,326,1,0.826641826404137
"the association said 28.2 million dvds were rented in the week that ended june 15 , compared with 27.3 million vhs cassettes .","the video software dealers association said 28.2 million dvds were rented out last week , compared to 27.3 million vhs cassettes .",1,331,1,0.6316228082962807
"with these assets , funny cide has a solid chance to become the first triple crown winner since affirmed in 1978 .",funny cide is looking to become horse racing 's first triple crown winner in a generation .,0,334,1,0.7497941329740473
"intel was disappointed and assessing its "" options in the event mr. hamidi resumes his spamming activity against intel , "" spokesman chuck mulloy said .","intel spokesman chuck mulloy said the company was disappointed and assessing its "" options in the event mr. hamidi resumes his spamming activity against intel . """,1,354,1,0.7989086938354227
"mr annan also warned the us should not use the war on terror as an excuse to suppress "" long-cherished freedoms "" .","annan warned that the dangers of extremism after september 11 should not be used as an excuse to suppress "" long-cherished "" freedoms .",1,359,1,0.8454353880825228
"at community colleges , tuition will jump to $ 2,800 from $ 2,500 .","community college students will see their tuition rise by $ 300 to $ 2,800 or 12 percent .",1,366,1,0.664269582175761
he made a point of saying during tuesdays debate that the confederate flag was a racist symbol .,though dean made a point of saying during the debate that the confederate flag is a racist symbol .,1,371,1,0.7451847766801077
"bush wanted "" to see an aircraft landing the same way that the pilots saw an aircraft landing , "" white house press secretary ari fleischer said yesterday .","on tuesday , before byrd 's speech , fleischer said bush wanted ' ' to see an aircraft landing the same way that the pilots saw an aircraft landing .",0,374,1,0.8284239725845838
"on monday the palestinian prime minister , mahmoud abbas , will report to the palestinian parliament on his government 's achievements in its first 100 days in office .",palestinian prime minister mahmoud abbas must defend the record of his first 100 days in office before parliament today as the death toll in the occupied territories continues to rise .,0,375,1,0.7158859938414103
"the civilian unemployment rate improved marginally last month -- slipping to 6.1 percent -- even as companies slashed payrolls by 93,000 .","the civilian unemployment rate improved marginally last month _ sliding down to 6.1 percent _ as companies slashed payrolls by 93,000 amid continuing mixed signals about the nation 's economic health .",0,377,0,0.40506015396924194
"per-user pricing is $ 29 for workplace messaging , $ 89 for team collaboration and $ 35 for collaborative learning .","workplace messaging is $ 29 , workplace team collaboration is $ 89 , and collaborative learning is $ 35 .",1,391,1,0.6317174713574133
""" instead of pursuing the most imminent and real threats – international terrorism – this bush administration chose to settle old scores , "" mr. graham said .",""" instead of pursuing the most imminent and real threats - international terrorists , "" graham said , "" this bush administration chose to settle old scores . """,1,392,1,0.7973312143808128
sars has killed about 800 people and affected more than 8400 since being detected in china in november .,"sars has killed about 800 people and sickened more than 8,400 worldwide , mostly in asia .",0,395,1,0.6704758697703591
authorities had no evidence to suggest the two incidents were connected .,"there was no immediate evidence that the two incidents were connected , police said .",1,404,1,0.7210694334982488
""" jeremy 's a good guy , "" barber said , adding : "" jeremy is living the dream life of the new york athlete .","he also said shockey is "" living the dream life of a new york athlete .",0,416,1,0.6460041650819518
"ratliff 's daughters , margaret and martha ratliff , were adopted by peterson after their mother 's death .","peterson helped raise ratliff 's two daughters , margaret and martha ratliff , who supported him throughout the trial .",0,417,1,0.7919600911090158
"after losing as much as 84.56 earlier , the dow jones industrial average closed up 22.81 , or 0.2 percent , at 9,340.45 .","in midday trading , the dow jones industrial average lost 68.84 , or 0.7 percent , to 9,248.80 .",0,426,0,0.37857455618831454
"rumsfeld , who has been feuding for two years with army leadership , passed over nine active-duty four-star generals .","rumsfeld has been feuding for a long time with army leadership , and he passed over nine active-duty four-star generals .",1,435,1,0.693902240193278
"consumers who said jobs are difficult to find jumped from 29.4 to 32.6 , while those claiming work was plentiful slipped from 13 to 12.6 .","consumers who said jobs are difficult to find jumped to 32.6 from 29.4 , while those saying work was plentiful slipped to 12.6 from 13 in april .",1,467,1,0.5512747288039705
"he has no immediate plans for television advertising , believing it is unnecessary this early .",a lieberman aide said there were no immediate plans for television advertising .,0,468,1,0.6920068003167943
""" i think it happened very quickly , "" houston police department homicide investigator phil yochum said of the crime .",""" i think it happened very quickly , "" said investigator phil yochum of the houston police department 's homicide division .",1,472,1,0.6511710844305483
"united issued a statement saying it will "" work professionally and cooperatively with all its unions . ""","senior vice president sara fields said the airline "" will work professionally and cooperatively with all our unions . """,1,476,1,0.7619156570164858
""" but they never climb out of the pot of beer again . ""","it 's just that they never climb out of the beer again . """,1,488,1,0.6921994096834831
chief financial officer andy bryant has said that hike had a greater affect volume than officials expected .,bryant has said that hike had a greater effect on demand than officials expected .,1,497,1,0.7599879909693235
"robert liscouski , the assistant secretary of homeland security for infrastructure protection , will oversee ncsd .","ncsd 's chief will be robert liscouski , the assistant secretary of homeland security for infrastructure protection .",1,508,1,0.6116208787131097
"hp 's shipments increased 48 percent year-over-year , compared to an increase of 31 percent for dell .","hps shipments increased 48 per cent year-on-year , compared to an increase of 31 per cent for dell .",1,518,1,0.7377837886334346
"chirac , who can pardon a law-breaker , refused humbert 's request last year but kept in close touch with the family .","chirac , who has the authority to pardon law-breakers , refused humbert 's request to be allowed to die last year but kept in close touch with the family .",1,540,1,0.6062956618925603
the charges allege that he was part of the conspiracy to kill and kidnap persons in a foreign country .,the government now charges that sattar conspired with rahman to kill and kidnap individuals in foreign countries .,1,543,1,0.7037683884945123
"in the 2002 study , the margin of error ranged from 1.8 to 4.4 percentage points .",it has a margin of error of plus or minus three to four percentage points .,1,548,1,0.7101854452318138
"mr. clinton 's national security adviser , sandy berger , said that the white house wasn 't informed of the fbi activities .","clinton ’ s national security adviser , sandy berger , said in an interview that the white house was not informed of the fbi activities .",1,552,1,0.7740421987603937
""" this decision is clearly incorrect , "" ftc chairman timothy muris said in a written statement .","the decision is "" clearly incorrect , "" ftc chairman tim muris said .",1,558,1,0.8161302928391626
prosecutors allege that nichols and co-conspirator timothy mcveigh worked together to prepare a bomb that destroyed the alfred p. murrah federal building .,"prosecutors allege that nichols and coconspirator timothy mcveigh worked together to prepare a 4,000-pound fuel-and-fertilizer bomb that destroyed the murrah building .",1,571,1,0.808563213246123
"terri schiavo , 39 , is expected to die sometime in the next two weeks in the tampa-area hospice where she has spent the past several years .","terri schiavo , 39 , underwent the procedure at the tampa bay area hospice where she has been living for several years , said her father , bob schindler .",0,584,1,0.5975555104860174
secretary of state colin powell designated the chechen leader believed responsible for last year 's hostage standoff in a moscow theater as a threat to u.s. security friday .,u.s. secretary of state colin powell on friday designated chechen rebel leader shamil basayev a threat to the security of the united states and to u.s. citizens .,1,594,1,0.6441462767992076
""" today , we are trying to convey this problem to russian president vladimir putin and us president george w bush . """,""" today , we are trying to convey this problem to russian president vladimir putin ( news - web sites ) and president bush ( news - web sites ) . """,1,598,1,0.7427129664105341
that would be a potential setback to chief executive phil condit 's strategy of bolstering defense-related sales during a slump in jetliner deliveries .,the inquiry may hinder chief executive phil condit 's strategy of bolstering defense-related sales during a slump in jetliner deliveries .,1,601,1,0.7009459175527569
peoplesoft also said its board had officially rejected oracle 's offer .,"thursday morning , peoplesoft 's board rejected the oracle takeover offer .",1,609,1,0.7410489969610263
"the dow jones industrial average ended the day down 10.89 at 9,837.94 , after advancing 111.04 wednesday .","the dow jones industrial average fell 10.89 points , or 0.11 percent , to 9,837.94 .",0,613,0,0.34661374112131316
cortisol levels in the saliva of day care children were highest and rose most steeply in those judged by day care center personnel to be the shyest .,cortisol levels in the saliva of day-care children were highest and rose most steeply in those whom day-care centre staffed judged to be the shyest .,1,615,1,0.7677899089750161
""" the idea that tony abbott is in some way a one-dimensional political head-kicker couldn 't be more wrong , "" mr howard said .",""" the idea that tony abbott is in some way a one-dimensional political head kicker couldn 't be more wrong . """,1,617,1,0.7424129686432002
""" biotech products , if anything , may be safer than conventional products because of all the testing , "" fraley said , adding that 18 countries have adopted biotechnology .",""" biotech products , if anything , may be safer than conventional products because of all the testing , "" said robert fraley , monsanto 's executive vice president .",0,620,1,0.778597198151638
"the rate of skin cancer has tripled since the 1950s in norway and sweden , according to the study .",the study also found that skin cancer nearly tripled in norway and sweden since the 1950s .,1,647,1,0.7805715651086945
"we acted because we saw the existing evidence in a new light , through the prism of our experience on 11 september , "" rumsfeld said .","rather , the us acted because the administration saw "" existing evidence in a new light , through the prism of our experience on september 11 "" .",1,657,1,0.8372151823145174
"trans fat makes up only 1 percent to 3 percent of the total fat americans consume , compared with 14 percent for saturated fat .","trans fat accounts for 2.5 percent of americans ' daily calories , compared to 11 percent to 12 percent for saturated fat .",1,663,0,0.35409449879163546
"however , a recent slide in prices and opec 's expectations of a surge in oil inventories have compounded its fears about a further softening of the market .",a 14 percent slide in crude prices this month and expectations of a build up in oil inventories compounded opec 's fears of a further softening of the market .,1,664,1,0.7239499094731274
"peterson , 31 , is now charged with murder in the deaths of his 27-year-old wife and their unborn son .","peterson , 31 , is charged with two counts of first-degree murder in the slayings of his wife , laci , and their unborn son , conner .",1,674,1,0.7777573319099977
carlson on tuesday said he would not recuse himself from the case .,service officials said carlson refused to recuse himself from the case .,1,686,1,0.7578478570213234
"the program will grow to include ports in dubai , turkey and malaysia , among others .","the program will be expanded to include areas of the middle east such as dubai , turkey and malaysia , mr. ridge said .",1,688,1,0.8239375452933403
"mccabe said he was considered a witness , not a suspect .",""" he is not considered a suspect , "" mccabe said .",0,694,1,0.5951358653964135
"the woman was exposed to the sars virus while in the hospital but was not a health care worker , said dr. colin d ’ cunha , ontario ’ s commissioner of public health .","the woman was exposed to the sars virus while in the hospital but was not a health-care worker , said dr colin d 'cunha , ontario 's commissioner of public health .",1,695,1,0.5453337710245968
"he added that those "" are not solely american principles , nor are they exclusively western . """,""" these are not solely american principles nor are they exclusively western , "" rumsfeld said .",1,700,1,0.8667639310758417
""" if we don 't march into tehran , i think we will be in pretty good shape , "" he said .",""" as long as we don 't march on tehran , i think we are going to be in pretty good shape , "" he said .",1,702,1,0.8084460190728863
"on saturday , a 149mph serve against agassi equalled rusedski 's world record .","on saturday , roddick equalled the world record with a 149 m.p.h. serve in beating andre agassi .",0,718,1,0.674993156650102
"chad kolton , emergency management spokesman with the department of homeland security , said the government is open to new technologies and methods to communicate more quickly and efficiently .","chad kolton , emergency management spokesman with the department of homeland security , said the government is open to new ways to communicate .",1,732,1,0.7028585886342855
""" apec leaders are painfully aware that security and prosperity are inseparable , "" thai prime minister thaksin shinawatra told business leaders .",""" apec leaders are painfully aware that security and prosperity are inseparable , "" thaksin said .",1,741,1,0.8155466109350532
danbury prosecutor warren murray could not be reached for comment monday .,prosecutors could not be reached for comment after the legal papers were obtained late monday afternoon .,0,775,1,0.5286419723470496
wittig resigned last year after being indicted on federal bank fraud charges involving a real estate loan unrelated to westar business .,wittig resigned in late november about two weeks after being indicted on bank fraud charges in a real estate case unrelated to the company .,1,781,1,0.7420388380602019
"shattered glass , "" starring hayden christensen as stephen glass , debuted well with $ 80,000 in eight theaters .",""" shattered glass "" _ starring hayden christensen as stephen glass , the new republic journalist fired for fabricating stories _ debuted well with $ 80,000 in eight theaters .",0,792,1,0.6460873466277965
"he was arrested friday night at an alpharetta seafood restaurant while dining with his wife , singer whitney houston .",he was arrested again friday night at an alpharetta restaurant where he was having dinner with his wife .,1,796,1,0.6093502126543565
"however , epa officials would not confirm the 20 percent figure .",only in the past few weeks have officials settled on the 20 percent figure .,0,812,1,0.61454481631824
"university of michigan president mary sue coleman said in a statement on the university 's web site , "" our fundamental values haven 't changed .",""" our fundamental values haven 't changed , "" mary sue coleman , president of the university , said in a statement in ann arbor .",1,813,1,0.7525788340912689
the first products are likely to be dongles costing between us $ 100 and us $ 150 that will establish connections between consumer electronics devices and pcs .,the first products will likely be dongles costing $ 100 to $ 150 that will establish connections between consumer electronics devices and pcs .,1,821,1,0.8271191648669032
"however , lapidus expects foreign brands ' sales to be up 4 percent , driven by strong truck sales at honda motor co .","lapidus expects ford to be down 5 percent , chrysler down 10 percent and foreign brands up 4 percent driven by strong truck sales at honda .",0,839,1,0.5711854040183201
"michel , who remains in the government , denied that us pressure had provoked the government 's move .","michel , who has stayed in the new government , denied that it was u.s. pressure which had provoked the government 's move .",1,842,1,0.655379113351814
some of the computers also are used to send spam e-mail messages to drum up traffic to the sites .,some are also used to send spam e-mail messages to boost traffic to the sites .,1,852,1,0.7572242248059797
"indonesia 's army has often been accused of human rights abuses during gam 's battle for independence , charges it has generally denied while accusing the separatists of committing rights violations .","indonesia 's army has been accused of human rights abuses during its earlier battles with gam , charges it has generally denied .",0,865,1,0.6702891142583198
"bush also hoped to polish his anti-aids credentials in uganda , which has been hailed as an african pioneer in fighting the killer disease .",president bush flies to uganda friday hoping to polish his anti- aids credentials in a country hailed as an african pioneer in fighting the epidemic .,1,885,1,0.7509873928539698
"later this year , the command will send trainers with soldiers from four north african nations on patrolling and intelligence gathering missions .",this fall the command will send trainers to work with soldiers from four north african nations on patrolling and gathering intelligence .,1,897,1,0.7313995525264053
the reports helped overcome investor jitters after the euro briefly hit an all-time high against the dollar tuesday .,stocks slipped at the open after the euro hit record highs against the dollar .,0,924,0,0.46402035775933764
"sales for the quarter beat expectations , rising 37 percent year-on-year to 1.76 billion euros .","sales rose 37 per cent year-on-year to 1.76bn , beating expectations .",1,966,1,0.5979825337517563
"if the mta 's appeal to a higher court is successful , the $ 2 bus and subway base fare won 't be rolled back .","if the mta 's appeal is successful , the $ 2 bus and subway base fare won 't change .",1,968,1,0.6873599333793071
"robert walsh , 40 , remained in critical but stable condition friday at staten island university hospital 's north campus .","walsh , also 40 , was in critical but stable condition at staten island university hospital last night .",1,974,1,0.5757698273515692
"the guru microcontroller serves four functions : hardware monitoring , overclocking management , bios ( basic input output system ) update and a troubleshooting-assistance feature called black box .","the µguru microcontroller serves four functions : hardware monitoring , overclocking management , bios update and a troubleshooting-assistance feature called black box .",1,978,1,0.6839948421148295
u.s. corporate bond yield spreads tightened in spotty trading on friday as wall street labored to get back on its feet after the largest power outage ever in north america .,"u.s. stocks rose slightly on feather-light volume on friday , as wall street regrouped after the biggest-ever power outage in north america .",1,983,1,0.7146959764255751
the company said it would issue revised guidance for the full fiscal year next month when it releases its q2 results .,the company said it would renew its guidance for 2003 when it announces its second quarter results in mid-july .,1,990,1,0.8252632396890109
""" i stand 100 percent by it , and i think our intelligence services gave us the correct information at the time . ""","i stand 100 percent by it , and i think that our intelligence services gave us the correct intelligence and information at the time , "" blair said .",1,1003,1,0.6014378366114368
""" i don 't know if the person i 'm talking to now may end up being someone else at another time that may not follow the rules , "" parrish said .",""" i don 't know whether the person i 'm talking to now may end up being someone else , "" parrish said .",0,1005,1,0.8103581080249022
""" i think it 's going to be a close vote , but i think the grant proposal is going to win , "" mcconnell said .",""" i think it 's going to be a close vote , but i think the grant proposal 's going to win , "" said sen. mitch mcconnell , assistant majority leader .",1,1019,1,0.7729180435198617
"twenty-eight people were believed to have been spending christmas day with the caretaker of the st sophia 's camp , when the mudslide smashed into two cabins .","twenty-seven people were believed to have been spending christmas day with the caretaker of saint sophia camp , a greek orthodox facility , when the mudslide roared through .",1,1036,1,0.763955572639092
"one , capt. doug mcdonald , remained hospitalized in critical condition on thursday .","her 20-year-old sister , allyson , was severely burned and remained hospitalized in critical condition .",0,1039,0,0.45955024623041013
the united states finally relented during president bush 's visit to africa earlier this month .,"during president bush 's trip to africa earlier this month , however , washington said it would support the increase .",0,1050,1,0.6297972953013025
""" there is no conscious policy of the united states , i can assure you of this , to move the dollar at all , "" he said .",he also said there is no conscious policy by the united states to move the value of the dollar .,1,1067,1,0.6905337635756805
it 's the first such drill since the september 11 terrorist attacks on new york and washington .,it is the nation 's first large-scale counterterrorism exercise since the sept . 11 terrorist attacks .,1,1069,1,0.7320676849718946
"myanmar 's pro-democracy leader aung san suu kyi will return home late friday but will remain in detention after recovering from surgery at a yangon hospital , her personal physician said .","myanmar 's pro-democracy leader aung san suu kyi will be kept under house arrest following her release from a hospital where she underwent surgery , her personal physician said friday .",1,1073,1,0.7059262652040692
"according to the merchant marine ministry , the 37-year-old ship is registered to alpha shipping inc. based in the pacific ocean nation of marshall islands .",the baltic sky is a 37-year-old ship registered to alpha shipping inc. based in the pacific ocean nation of marshall islands .,1,1076,1,0.7493291391435888
"in an unusual move , the u.s. patent and trademark office is reconsidering a patent affecting internet pages that critics contend could disrupt millions of web sites .","in an unusual move that critics contend could disrupt millions of web sites , the u.s. patent and trademark office is reconsidering a patent affecting internet pages .",1,1080,1,0.8468040684219686
kansas department of health and environment records show there were 88 abortions performed on girls age 14 and younger last year .,"statistics from the kansas department of health and environment show that 11,844 abortions were performed in the state last year .",0,1083,1,0.5907565820544398
"a european union spokesman said the commission was consulting eu member states "" with a view to taking appropriate action if necessary "" on the matter .",laos 's second most important export destination - said it was consulting eu member states ' ' with a view to taking appropriate action if necessary ' ' on the matter .,0,1094,1,0.7083010292695054
"waiting crowds filling the streets on both sides overwhelmed the peacekeepers soon after daylight , sweeping past the barbed wire barricades .","but waiting crowds filling the streets rushed the bridges soon after daylight , overrunning razor-wire barricades .",1,1102,1,0.7385599527608029
"barry callebaut will be able to use brach 's retail network to sell products made from its german subsidiary stollwerck , which makes chocolate products not sold in the united states .","barry callebaut will be able to use brach 's retail network to sell products made from its german subsidiary stollwerck , which makes chocolate products unknown to the american market .",1,1107,1,0.8322943054239216
"by skirting the fda 's oversight , eagan said , the quality of the imported drugs is "" less predictable "" than for those obtained in the united states .","by skirting the fda 's oversight , eagan said the quality of the imported drugs is "" less predictable "" than u.s. drugs .",1,1109,1,0.7520988338537945
"he said : "" for the first time there is an easy and affordable way of making this treasure trove of bbc content available to all . """,""" for the first time , there is an easy and affordable way of making this treasure trove of bbc content available to all , "" dyke said .",1,1115,1,0.7511575993285204
"three such vigilante-style attacks forced the hacker organizer , who identified himself only as "" eleonora [ 67 ] , "" to extend the contest until 7 p.m. est sunday .","three such vigilante-style attacks forced the hacker organiser , who identified himself only as "" eleonora67 ] , "" to extend the contest until 8am ( aest ) today .",1,1121,1,0.8253742357408519
eric gagne pitched a perfect ninth for his 23rd save in as many opportunities .,gagne struck out two in a perfect ninth inning for his 23rd save .,1,1124,1,0.7202678697353795
"one way or another , harry potter and the order of the phoenix will be in your hands by saturday .","just about everything about "" harry potter and the order of the phoenix "" will set records .",0,1143,0,0.4754688251344293
""" allison just proves you don 't need to wait until august or september to have a disaster , "" said josh lichter , a meteorologist with the houston-galveston weather office .",""" allison just proves you don 't need to wait until august or september to have a disaster , "" lichter said .",1,1161,1,0.7667434841909023
"today , analysts say , un members can no longer ignore the shifts since the september 11 2001 attacks .","on wednesday , analysts say , un members can no longer ignore the shifts since the attacks in the us of september 11 2001 .",1,1162,1,0.7042869981554692
"police say ciba was involved in the importation of qat , a narcotic substance legal in britain but banned in the united states .","mr mckinlay said that ciba was involved in the importation of qat , a narcotic substance legal in britain but banned in the us .",1,1166,1,0.6826751635892843
chiron already has nearly 20 percent acceptances from powderject 's shareholders .,chiron has acceptances from holders of nearly 20 percent of powderject shares .,1,1188,0,0.4750453940507913
ernst & young has denied any wrongdoing and plans to fight the allegations .,"ernst & young has denied the sec 's claims , and called its recommendations "" irresponsible "" .",0,1203,1,0.6664328632898526
the attack followed several days of disturbances in the city where american soldiers exchanged fire with an unknown number of attackers as civilians carried out demonstrations against the american presence .,the attack came after several days of disturbance in the city in which u.s. soldiers exchanged fire with an unknown number of attackers as civilians protested the american presence .,1,1218,1,0.7829388622633853
no company employee has received an individual target letter at this time .,"she said no company official had received "" an individual target letter at this time . """,1,1228,1,0.7633172302690655
"second-quarter results reflected a gain of 10 cents per diluted share , while the 2002 results included a loss of 19 cents per diluted share .",the second-quarter results had a non-operating gain of 10 cents a share while the 2002 second-quarter performance had a net non-operating loss of 19 cents a share .,1,1242,1,0.5278769153794394
he allegedly told his ex-wife in an angry phone call that he had no intention of following their new custody agreement .,the two had battled over custody and he allegedly told her in an angry phone call that he had no intention of following their new custody agreement .,0,1246,1,0.8400649675741464
"worldwide , more than 50 million people have seen "" les miz , "" with gross receipts of $ 1.8 billion .","worldwide , les misérables has been seen by over 50 million people , with a total gross of over $ 2 billion .",1,1291,1,0.7416990446936644
"in fiction : edward p. jones ( "" the known world "" ) and scott spencer ( "" a ship made of paper "" ) .","the fifth nominee for fiction is scott spencer , for a ship made of paper .",0,1305,1,0.6793597890975227
""" overwhelmingly the windows brand really resonated with them . """,""" windows was the part of the experience that really resonated with people . """,1,1306,1,0.6625963052222772
"the centers for medicare and medicaid services , the federal agency that runs medicare , last year began a similar effort for nursing homes .",the centers for medicare and medicaid launched a similar consumer tool for nursing homes last year .,1,1326,1,0.718501782176209
vivace was founded in 1999 and has raised over $ 118 million in three rounds of venture financing .,"during difficult times for technology venture capital , vivace raised over $ 118 million in three rounds of venture financing .",0,1340,1,0.6892686899355545
"the dow jones industrial average < .dji > added 28 points , or 0.27 percent , at 10,557 , hitting its highest level in 21 months .","the dow jones industrial average < .dji > rose 49 points , or 0.47 percent , to 10,578 .",0,1344,0,0.25749237149328996
the democratic candidates also began announcing their fund-raising totals before wednesday 's deadline to file quarterly reports with the federal election commission .,the democratic candidates also began announcing their fund-raising totals in advance of the deadline today to file quarterly reports with the federal election commission .,1,1349,1,0.6800311847678261
sun microsystems inc. on thursday said it had added 100 new third-party systems and 100 new components to its hardware compatibility list for the solaris x86 operating system platform edition .,the vendor has added 100 new third-party systems and 100 new components to the operating system 's hardware compatibility list ( hcl ) .,0,1353,1,0.7675651005878795
prosecutors said pw marketing violated the state 's 1998 anti-spam law by sending unsolicited e-mail without a toll-free number for recipients to call to stop additional mailings .,prosecutors said pw marketing violated the 1998 anti-spam law because these unsolicited e-mails were sent without a free call number for recipients to phone to stop additional mailings .,1,1361,1,0.7324481579856907
the neighbours star and singer spent yesterday resting at her family home in sydney and will have more tests today .,goodrem spent yesterday resting in her family home in sydney and will have more tests today to determine her exact treatment .,0,1365,1,0.7497786094391545
"the 3 rd armored cavalry regiment is 5,200 strong and the largest combat unit at fort carson .","broomhead , 34 , was assigned to the 2nd squadron , 3rd armored cavalry regiment .",0,1371,1,0.594187527321611
""" the risk of inflation becoming undesirably low remains the predominant concern for the foreseeable future , "" the fed said in a statement accompanying the unanimous decision .",""" the risk of inflation becoming undesirably low remains the predominant concern for the foreseeable future , "" the policy-setting federal open market committee said .",1,1373,1,0.8717663392723995
""" it is bad for symbian , "" said per lindberg , analyst at dresdner kleinwort wasserstein .",""" motorola has displayed clear disloyalty "" to symbian , said per lindberg , an analyst at dresdner kleinwort wasserstein in london .",0,1375,1,0.6951415551379211
"bob richter , a spokesman for house speaker tom craddick , had no comment about the ruling .","bob richter , spokesman for craddick , r-midland , said the speaker had not seen the ruling and could not comment .",0,1384,1,0.6232121442119138
"but ms ward said the headroom under its financial covenants was "" tight "" and that there could be another downgrade if southcorp breached any of its banking covenants .","but ms ward said the headroom under its financial covenants was "" tight "" and that there could be a rating downgrade if southcorp did breach any banking covenants .",1,1414,1,0.8061493355497759
he added : ``i 've never heard of more reprehensiblebehaviour by a doctor .,the harrisons ’ lawyer paul licalsi said : “ i ’ ve never heard of more reprehensible behaviour by a doctor .,1,1423,1,0.751188538468332
"broomhead was assigned to 2nd squadron , 3rd armor cavalry regiment , based at fort carson .","broomhead , 34 , was assigned to the 2nd squadron , 3rd armored cavalry regiment .",1,1428,1,0.6353550733693553
"other staff members , however , defended the document , saying it would still help policy-makers and the agency improve efforts to address the climate issue .","some e.p.a. staff members defended the document , saying that although pared down it would still help policy makers and the agency address the climate issue .",1,1436,1,0.7688796085447066
"president bush raised a record-breaking $ 49.5 million for his re-election campaign over the last three months , with contributions from 262,000 americans , the president 's campaign chairman said tuesday .","president bush has raised $ 83.9 million since beginning his re-election campaign in may , and has $ 70 million of that left to spend , his campaign said tuesday .",0,1470,1,0.6475030569611152
an episode is declared when the ozone reaches .20 parts per million parts of air for one hour .,a stage 1 episode is declared when ozone levels reach 0.20 parts per million .,1,1477,1,0.6657203159130985
""" he may not have been there , "" the defence official said on thursday .",""" he may not have been there , "" said a defence official speaking on condition of anonymity .",1,1480,1,0.7765195847488033
"the u.n. troops are in congo to protect u.n. installations and personnel , and they can only fire in self defense and have been unable to stem the violence .",the troops - whose mandate is to protect u.n. installations and personnel - can only fire in self-defense and have been unable to stem the violence .,1,1487,1,0.7690473346093804
"north american markets grabbed early gains monday morning , as earnings season begins to slow and economic indicators take the spotlight .","north american futures pointed to a strong start to the first trading session of the week monday , as earnings season slows and economic indicators take the spotlight .",1,1489,1,0.577131228009154
xerox itself paid a $ 10 million fine last year to settle similar sec charges .,xerox itself previously paid a $ 10-million penalty to settle the sec accusations .,1,1500,1,0.7681923799765649
""" this deal makes sense for both companies , "" said national chief executive brian halla .",""" this deal makes sense for both companies , "" halla said in a prepared statement .",1,1540,1,0.8052370590470053
the blasts killed two people and injured more than 150 others .,the atlanta olympic games attack killed one woman and injured more than 100 other people .,0,1550,1,0.6222967728784679
"morrill 's wife , ellie , sobbed and hugged bondeson 's sister-in-law during the service .","at the service morrill 's widow , ellie , sobbed and hugged bondeson 's sister-in-law as people consoled her .",0,1556,1,0.6445615750725189
"spansion products are to be available from both amd and fujitsu , amd said .",spansion flash memory solutions are available worldwide from amd and fujitsu .,1,1562,1,0.7084578258384346
"about 1,500 police will be deployed for the visit .","around 1,500 police are to be deployed at niigata for the ferry 's visit .",1,1567,1,0.6750804885329953
gamarekian told the news she remembers only the woman 's first name - and refused to reveal it .,"she told the new york daily news she remembers only the intern 's first name , which she refused to reveal .",1,1579,1,0.7054515506497594
"one of the fbi ’ s key operatives , who had a falling out with the bureau , provided an account of the operation at a friend ’ s closed immigration court proceeding .","one of the fbi 's key operatives , who has had a falling-out with the bureau , provided an account of the operation at a friend 's closed immigration court proceeding .",1,1592,1,0.6381572703287551
"a nationally board certified teacher with a master 's degree , kelley makes a salary of $ 65,000 in his 30th year .","a nationally board certified teacher with a master 's degree , kelley , in his 30th year teaching , makes $ 65,000 .",1,1596,1,0.7011417788090617
"a man arrested for allegedly threatening to shoot and kill a city councilman from queens was ordered held on $ 100,000 bail during an early morning court appearance saturday .","the queens man arrested for allegedly threatening to shoot city councilman hiram monserrate was held on $ 100,000 bail saturday , a spokesman for the queens district attorney said .",1,1612,1,0.6849644057491449
"they were being held sunday in the camden county jail on $ 100,000 bail .","they remained in camden county jail on sunday on $ 100,000 bail .",1,1616,1,0.581751517793833
"ms stewart , the chief executive , was not expected to attend .","ms stewart , 61 , its chief executive officer and chairwoman , did not attend .",1,1628,1,0.7390992460628053
"christina 's aunt , shelley riling , said the defense 's claims were preposterous .","christina 's aunt , shelley riling , said she will address the court .",0,1639,1,0.7453925444726196
"the justice department aug. 19 gave pre-clearance for the oct. 7 date for the election to recall gov. gray davis , saying it would not affect minority voting rights .","the justice department on aug. 19 sanctioned the oct. 7 date for recall election , saying it would not affect voting rights .",1,1646,1,0.681120013625716
"lord falconer hailed the changes as "" a new beginning as far as the courts , crown prosecution service and police are concerned "" .",""" it 's a new beginning as far as the courts , crown prosecution service and police are concerned , making the criminal justice system work better . """,0,1660,1,0.6396142509372028
"ge stock closed at $ 30.65 a share , down about 42 cents , on the new york stock exchange .",ge 's shares closed at $ 30.65 on friday on the new york stock exchange .,0,1664,1,0.6355363253492544
at least 27 us troops have been killed in hostile fire since bush 's statement .,at least 26 american troops have been killed in hostile fire since major combat was officially declared over on may 1 .,1,1699,1,0.7719998536628009
"a recent poll showed edwards with a narrow lead in south carolina , and he plans a rally there later on tuesday .","a recent poll showed edwards in a virtual four-way tie at the top in south carolina , and he plans a rally there later on tuesday .",1,1703,1,0.7195586517246625
"november 17 's last victim was british defence attache stephen saunders , who was shot on an athens road in june 2000 .","november 17 's last victim was british defense attache stephen saunders , who was shot and killed at point-blank range on a busy athens road in june 2000 .",1,1722,1,0.581783803559234
the agency charged that one wd energy worker discussed false reporting with traders at two other energy companies .,"the agency found further that a wd energy employee discussed false reporting with traders at two other energy companies , which the cftc didn 't identify .",0,1737,1,0.8320002301321227
"zulifquar ali , a worshipper slightly wounded by shrapnel , said the assailants first targeted the mosque 's security guards .","witness zulfiqar ali , who was slightly wounded by shrapnel , said the attackers had focused on the mosque 's guards .",1,1745,1,0.7560201310108638
"for the second year in a row , rises in hospital costs accounted for much of the inflation , accounting for 51 percent of the overall cost increase .","for the second year in a row , rises in hospital costs dominated the increase , accounting for 51 percent of the overall cost spiral .",1,1746,1,0.5065726875509988
q : can i buy coverage for prescription drugs right away ?,congress has added a new benefit - an option to buy insurance coverage for prescription drugs .,0,1748,1,0.6428000614046526
"the airline also said it has the option to buy 380 more airplanes , orders that would be split evenly between the two manufacturers .","the airline has the option to buy 380 more , split evenly between the two manufacturers .",1,1755,1,0.7409667530179715
"dr mark mcclean , jonathan 's family doctor , said if the drug had been administered earlier jonathan would have retained more of his brain functions .","dr mark mcclean , the family 's gp , said had the drug been administered to jonathan earlier , he would have retained more of his brain function .",1,1782,1,0.7132348242201447
"the chain operates more than 3,400 stores , and has annual revenue of about $ 15.8 billion .","the chain , which has been under new management since late 1999 , has more than 3,400 stores and $ 15.8 billion in annual revenue .",0,1792,1,0.5345653648969757
"all patients developed some or all of the symptoms of e. coli food poisoning : bloody diarrhea , vomiting , abdominal cramping and nausea .","symptoms of the e. coli infection include bloody diarrhea , nausea , vomiting and abdominal cramping .",0,1794,1,0.6584346522473449
federal regulators have turned from sour to sweet on a proposed $ 2.8 billion merger of ice cream giants nestle holdings inc. and dreyer 's grand ice cream inc .,federal regulators have changed their minds on a proposed $ 2.8 billion merger of ice cream giants nestle holdings and dreyer 's grand ice cream .,1,1796,1,0.8264783138127142
environmental campaigners are using this weekend ’ s lunar eclipse to highlight the huge increase in light pollution across the uk .,environmental campaigners used the eclipse to highlight the surge in light pollution across britain .,1,1800,1,0.7941290912318011
"available july 7 , the software supports the solaris , ibm aix , red hat linux and windows operating systems .","the opforce product currently works with solaris , aix , red hat linux and windows servers .",0,1812,1,0.6819359916390146
justice minister martin cauchon and prime minister jean chrétien have both said the liberal government will introduce legislation soon to decriminalize possession of small amounts of pot for personal use .,justice minister martin cauchon and prime minister jean chretien both have said the government will introduce legislation to decriminalize possession of small amounts of pot .,1,1818,1,0.7232346139987645
"but chauncey billups demonstrated he 's also capable of big games , scoring 77 points over the final two games against the magic .",billups scored 77 points in the final two games of the first-round series against the magic .,0,1822,1,0.5257429554981995
kelly killed himself after being exposed as the source for a bbc report which claimed the government had embellished evidence of iraq 's banned weapons to justify the war .,he killed himself after being exposed as the source for a bbc report which claimed the government exaggerated the case for war against iraq .,1,1834,1,0.6745542426696065
"and it 's going to be a wild ride , "" said allan hoffenblum , a republican consultant .","now the rest is just mechanical , "" said allan hoffenblum , a republican consultant .",0,1854,1,0.8282035766276132
"while the ibrahims had one separation operation , goodrich and dr. david staffenberg plan about three for the aguirres , with several weeks between each .","instead of one long operation to separate the twins , goodrich and dr. david staffenberg plan about three , with several weeks between each .",1,1890,1,0.6521624920923023
lay had contended that turning over the documents would violate his fifth amendment right against self-incrimination .,"lay had refused to turn over the papers , asserting his fifth amendment right against self-incrimination .",1,1903,1,0.7169645329446
the who experts didn 't say how many cases in hebei were in rural areas .,"hebei has reported 191 cases and eight deaths , though the who experts did not say how many were in rural areas .",0,1911,1,0.7020728112759
nearly 300 mutinous troops who seized a manila shopping and apartment complex demanding the government resign gave up and retreated peacefully after some 19 hours .,mutinous troops who seized a manila shopping and apartment complex demanding the government resign ended a 19-hour standoff late sunday and returned to barracks without a shot fired .,1,1916,1,0.6033612813814451
"in three years , lend lease has slipped from a top-five stock , when its share price was around $ 24 , to 37th .","in the space of three years , lend lease has slipped from a top-five 5 stock when its share price hovered around $ 24 to 37th on the list .",1,1923,1,0.5904786141824995
"about two hours later , his body , wrapped in a blanket , was found dumped a few blocks away .","then his body was dumped a few blocks away , found in a driveway on argyle road .",0,1924,1,0.6375818742358984
columbia broke up over texas upon re-entry on feb. 1 .,columbia broke apart in the skies above texas on feb. 1 .,1,1932,1,0.688641537308448
"a year or two later , 259 , or 10 per cent , of the youths reported that they had started to smoke , or had taken just a few puffs .","within two years , 259 , or 10 percent , of the youths reported they had started to smoke or had at least taken a few puffs .",1,1967,1,0.6284724532722868
"the lord chancellor was guardian of the great seal , used to stamp all official documents from the sovereign .","falconer will hold on , for now , to the lord chancellor 's great seal , used to sign off instructions from the sovereign .",0,1976,1,0.7130091093239203
"cindy yeast , a 50-year-old washington-area publicist , says she began taking supplements two years ago in part to avoid mild dementia that affects her elderly parents .",she started taking supplements two years ago - partly to stave off mild dementia that affects her elderly parents .,1,1979,1,0.7387569911121575
"the two are not related , but have referred to each other as father and son .","he 's not related to malvo , but the two have referred to each other as father and son .",1,1983,1,0.8441740150461582
"gibson said last month in a press statement that "" neither i nor my film are anti-semitic .",gibson said in a june statement that he and his film are not anti-semitic .,1,1995,1,0.824155133294136
"the world 's largest software company said it recognized the difficulty the multiple patches posed for companies , and set out to make it easier for them to apply the updates .",the world 's largest software company said it recognized the difficulty the multiple patches posed for companies trying to apply them .,0,1997,1,0.8443446469085303
"the dow jones industrial average .dji ended up 64.64 points , or 0.71 percent , at 9,191.09 , according to the latest available data .","the blue-chip dow jones industrial average .dji added 38 points , or 0.42 percent , to 9,165 .",1,1999,0,0.3670317072644723
"the vote came just two days after kurds swept city council elections , taking the largest single block of votes on the 30-seat council .",the vote for mayor followed city council elections that gave kurds the largest block of votes on the 30-seat council .,1,2000,1,0.715122312589033
large swells and dangerous surf already were being felt along sections of the coast .,already large swells and dangerous surf have arrived along the mid-atlantic .,1,2009,1,0.6736623208958299
"based on a separate survey of households , the unemployment rate fell in august to 6.1 percent from 6.2 percent .","labor department analysts discounted a slight improvement in the national unemployment rate , which fell in august to 6.1 percent from 6.2 percent .",0,2024,0,0.4196946325083207
""" we will work with the board to ensure a smooth transition . ""","he said federal regulators would work with the corporation to ensure a "" smooth transition . """,1,2047,1,0.794387114438215
gasps could be heard in the courtroom when the photo was displayed .,gasps could be heard as the photo was projected onto the screen .,1,2051,1,0.6315116479902241
"gilead had earnings of $ 73.1 million , or 33 cents a share , compared with $ 20.8 million , or 10 cents , in the year-ago quarter .","quarterly profit climbed to $ 73.1 million , or 33 cents a share , from $ 20.8 million , or 10 cents , a year earlier , the company said .",1,2067,0,0.48773913935985697
""" i had one bad stretch of holes that put me out of contention to win , "" woods said .",""" i had one bad stretch of holes that put me out of contention , "" woods said , referring to his 42 on the front nine saturday .",0,2077,1,0.8017372334120245
the poll had a margin of error of plus or minus 2 percentage points .,it had a margin of sampling error of plus or minus four percentage points and was conducted thursday through saturday .,0,2111,1,0.6783098537061039
"sen. patrick leahy of vermont , the committee 's senior democrat , later said the problem is serious but called hatch 's suggestion too drastic .","sen. patrick leahy , the committee 's senior democrat , later said the problem is serious but called hatch 's idea too drastic a remedy to be considered .",1,2124,1,0.7350910942236705
"the broad standard & poor 's 500 < .spx > eased 0.37 of a point , or 0.03 percent , at 1,121 .","the standard & poor 's 500 index < .spx > slipped 0.26 point , or 0.02 percent , to 1,121.96 .",1,2126,0,0.49094894438840575
"watertown , saugus and framingham also are going smoke-free monday , joining a growing number of cities around the country .","along with boston , watertown , saugus and framingham also are going smoke-free monday .",0,2163,1,0.6761529588397241
"that is evident from their failure , three times in a row , to get a big enough turnout to elect a president .","three times in a row , they failed to get a big _ enough turnout to elect a president .",1,2165,1,0.6786463515900768
"we firmly believe we have an absolute right to use the common word ' spike ' as the name of our network . """,we firmly believe that we have an absolute right to use the common word ' spike ' to name our network .,1,2181,1,0.8533718093329974
sources who knew of the bidding said last week that cable tv company comcast corp. was also looking at vue .,"late last week , sources told reuters cable tv company comcast corp. cmcsa.o also was looking at buying vue assets .",1,2196,1,0.7348128239104059
"but mta officials appropriated the money to the 2003 and 2004 budgets without notifying riders or even the mta board members considering the 50-cent hike , hevesi found .","mta officials appropriated the surplus money to later years ' budgets without notifying riders or the mta board members when the 50-cent hike was being considered , he said .",1,2205,1,0.7918890947956737
"white , who had suffered kidney failure from years of high blood pressure , died at cedars-sinai medical center around 9 : 30 a.m. , said manager ned shankman .","white , who had kidney failure from years of high blood pressure , had been undergoing dialysis and had been hospitalized since a september stroke .",0,2223,0,0.42785746304320854
about 10 percent of high school and 16 percent of elementary students must be proficient at math .,"in math , 16 percent of elementary and middle school students and 9.6 percent of high school students must be proficient .",1,2231,0,0.38603679797194435
the legal ruling follows three days of intense speculation hewlett-packard co. may be bidding for the company .,the legal ruling follows three days of wild volatility in rim 's stock over speculation that pc giant hewlett-packard co. may be bidding for the company .,1,2243,1,0.8339344394339336
"the european commission , the eu 's antitrust enforcer , is expected to issue its decision next spring — unless a settlement is reached .",the european commission is expected to issue its decision in the case next spring — unless a settlement is reached .,1,2247,1,0.6349749828130307
""" so sebastian did his best to convincingly confess to a crime that he didn 't commit in order to survive , "" she told jurors .",""" sebastian did his best to confess convincingly to a crime he didn 't do in order to survive , "" ms. richardson declared .",1,2249,1,0.7503935645818165
twenty percent of latino students and 23 percent of black students performed at proficient or higher .,"in math , 16 percent of elementary and middle school students and 9.6 percent of high school students must be proficient .",0,2250,0,0.3514129161402904
he is charged in three bombings in atlanta including a blast at the 1996 olympics and one in alabama .,he is charged in three bombings in atlanta - including a blast at the 1996 olympics - along with the bombing in alabama .,1,2264,1,0.672943143001836
the men were remanded in custody and are due to appear again before court on july 8 .,they were remanded in custody and will appear in court again on july 8 .,1,2267,1,0.8320109140667976
""" no matter who becomes the sponsor for stock-car racing 's top series , nascar will need an all-star event , "" wheeler said in a statement .","no matter who becomes the sponsor for stock-car racings top series , nascar will need an all-star event , wheeler said tuesday .",1,2272,1,0.7102598285194668
the phillies were upset that counsell had stolen second in the sixth inning with arizona leading 7-1 .,the phillies were apparently upset when counsell stole during the sixth with the diamondbacks up 7-1 .,1,2286,1,0.6627198423481102
he said his hatred for such people grew from these discussions and had helped convince him violence was the answer .,his hatred for these people had germinated from these discussions and helped cement his belief that violence was the panacea .,1,2289,1,0.7833469022421903
""" there is no need for one deadline for all to create the asean economic community , "" thaksin said .","thus , he said , there did not have to one deadline to create the economic community .",1,2297,1,0.7523879781059489
"the announcement was made during the recording of a christmas concert attended by top vatican cardinals , bishops , and many elite from italian society , witnesses said .","the broadside came during the recording on saturday night of a christmas concert attended by top vatican cardinals , bishops and many elite of italian society , witnesses said .",1,2301,1,0.7422771600737026
"the additional contribution brings total u.s. food aid to north korea this year to 100,000 tonnes .","the donation of 60,000 tons brings the total of u.s. contributions for the year to 100,000 .",1,2307,1,0.5613670891031023
"leon williams ' body was found inside his third-floor apartment at 196 bay st. , in tompkinsville .","the dead man , leon williams , was found in his third-floor apartment .",1,2328,1,0.5770553574679081
"the player 's eyes were bloodshot and a blood-alcohol test produced a reading of 0.18 - well above tennessee 's level of presumed intoxication of 0.10 , the report said .","he failed a field sobriety test and a blood-alcohol test produced a reading of 0.18 – well above tennessee 's level of presumed intoxication of 0.10 , the report said .",1,2343,1,0.6839533277471909
"but virgin wants to operate concorde on routes to new york , barbados and dubai .","branson said that his preference would be to operate a fully commercial service on routes to new york , barbados and dubai .",1,2346,1,0.7920211700876651
he tried to fight off officers and was taken to a hospital after a police dog bit him but was later released .,"cruz tried to fight off officers and was hospitalized after a police dog bit him , sgt. steve dixon said .",0,2350,1,0.6252336723754518
"the announcement , which economists said was not a surprise , may be bittersweet for the millions of americans without jobs .","economists said the announcement was not a surprise , and politicians said it offered little comfort to the millions of americans without jobs .",1,2352,1,0.77885857235689
"asked if the delegates could leave on friday , police intelligence chief in aceh , surya dharma , told reporters they could not because they did not have proper permission .","asked if the delegates could leave on friday , police intelligence chief surya dharma told reporters : "" of course they may not go .",0,2361,1,0.6699130467446643
dealers said the dollar also drew some downside support as japanese investors are expected to keep snapping up foreign bonds amid the yen 's rise against the dollar .,dealers said the dollar also drew some downside support as japanese investors are expected to keep snapping up foreign bonds amid ever-falling domestic interest rates .,1,2381,1,0.6923737395592567
iran has until the end of the month to satisfy the agency it has no plans for nuclear weapons .,the iranians have until the end of the month to answer all the agency 's questions about their past nuclear activities .,0,2392,1,0.8077728834857479
"her father , florin cioaba , the king of transylvania 's gypsies , had her brought back and she was married against her will .","her father , roma king florin cioaba , had her brought back and she was promptly married against her will .",1,2394,1,0.6091787496264961
claire had advanced to the third round of the 76th annual scripps howard national spelling bee .,"one by one they strolled to the microphone , all 251 youngsters in the 76th scripps howard national spelling bee .",0,2396,1,0.6653665565040808
"citigroup inc . c.n , the world 's largest financial services company , on wednesday promoted marjorie magner to chairman and chief executive of its global consumer group .",citigroup ( c ) on wednesday named marjorie magner chairman and chief executive of its colossal global consumer business .,1,2398,1,0.8153831580255704
""" they 've been in the stores for over six weeks , "" says carney .","the quarterlies usually stay in stores for between six to eight weeks , "" carney added .",1,2415,1,0.6862150527657056
let me just say this : the evidence that we have of weapons of mass destruction was evidence drawn up and accepted by the joint intelligence community .,""" the evidence that we had of weapons of mass destruction was drawn up and accepted by the joint intelligence committee , "" he said .",1,2417,1,0.7281009663606886
ridge said no actual explosives or other harmful substances will be used .,ridge said no real explosives or harmful devices will be used in the exercise .,1,2428,1,0.8391692145497082
"thus far , stewart 's company appears ready to stand behind her .","for now , the company 's management appears to be standing behind stewart .",1,2432,1,0.7692672794628093
"but late thursday night , the campaign issued a statement saying there would be no news conference and no big announcement .","but late yesterday , the campaign and the state democratic party said there would be no news conference .",0,2439,1,0.6490411548101527
there 's also a flaw that results because ie does not implement an appropriate block on a file download dialog box .,the second vulnerability is a result of ie not implementing a block on a file download dialog box .,1,2443,1,0.6844125410689412
another $ 100-million in savings will come from management layoffs and pay cuts .,the airline expects to save another $ 100-million a year through management layoffs and pay cuts .,1,2446,1,0.6485196112298728
he called on prime minister john howard to establish a royal commission on child sex abuse .,the senate motion also called on prime minister john howard to hold a royal commission into child sex abuse .,1,2457,1,0.7001450465399867
""" we think that the united states of america should support the free speech of all groups , "" mr. white said , objecting to mr. olson 's recommendation .","we think that the united states of america should support the free speech of all groups , he said .",0,2469,1,0.7025632639071221
"terri schiavo , 39 , underwent the procedure at the tampa bay area hospice where she has been living for several years , said her father , bob schindler .","the tube was removed wednesday from terri schiavo , 39 , at the tampa bay-area hospice where she has lived for several years .",1,2472,1,0.5274742531189457
"after 18 months , nissen found that lipitor stopped plaque buildup in the patients ' arteries .","after 18 months , the atorvastatin patients had no change in the plaque in their arteries .",0,2494,1,0.737412820295874
"toll , australia 's second-largest transport company , last week offered nz75 a share for tranz rail .","toll last week offered to buy the company for nz75c a share , or $ nz158 million .",1,2501,1,0.7048684606258028
""" this child was literally neglected to death , "" armstrong county district attorney scott andreassi said .",armstrong county district attorney scott andreassi said the many family photos in the home did not include kristen .,0,2519,1,0.7072446890022724
"wal-mart , the nation 's largest private employer , has expanded its antidiscrimination policy to protect gay and lesbian employees , company officials said tuesday .","wal-mart stores inc . , the nation 's largest private employer , will now include gays and lesbians in its anti-discrimination policy , company officials said wednesday .",1,2539,1,0.7812810197515602
"metro , bus and local rail services in france 's four largest towns -- paris , lyon , lille and marseille -- were severely disrupted , europe 1 radio reported .","subway , bus and suburban rail services in france 's four largest cities -- paris , lyon , lille and marseille -- were severely disrupted , transport authorities said .",1,2547,1,0.6393660522222478
"in the undergraduate case , rehnquist said the use of race was not "" narrowly tailored "" to achieve the university 's asserted interest in diversity .",rehnquist wrote that the system was not narrowly tailored to achieve the interest in educational diversity .,1,2551,1,0.7618518561952901
"sp2 is basically about security enhancements to windows , such as the improved internet connection firewall ( icf ) .",the firewall in the current windows xp was known as the internet connection firewall ( icf ) .,0,2568,1,0.6445040477912397
"a landslide in central chungchong province derailed a seoul-bound train and 28 passengers were injured , television said .","in central chungchong province , a landslide caused a seoul-bound saemaeul express train to derail , injuring 28 people , local television said .",1,2572,1,0.6847405237894983
they will help draft a plan to attack obesity that kraft will implement over three to four years .,the team will help draft a plan by the end of the year to attack obesity .,0,2577,1,0.7592870331771447
"but that amount would probably be impossible to pass in the senate , where republican moderates have refused to go above $ 350 billion .","such an amount would probably be unable to summon a majority of the senate , where republican moderates have refused to go above $ 350 billion .",1,2582,1,0.7920704865308117
"in the clash with police , lt. mothana ali said about 1,000 demonstrators had gone to the station demanding jobs .","in baghdad , police lieut . mothana ali said about 1,000 demonstrators arrived at the station demanding jobs .",1,2588,0,0.47547297727414817
corixa shares rose 54 cents to $ 7.74 yesterday on the nasdaq stock market .,"shares of corixa rose 54 cents , or about 8 percent , to close at $ 7.74 .",0,2597,1,0.5844740351029233
"committee approval , expected today , would set the stage for debate on the senate floor beginning monday .",that would clear the way for debate in the full senate beginning on monday .,1,2610,1,0.6181835945423921
"o 'brien was charged with leaving the scene of a fatal accident , a felony .","bishop thomas o 'brien , 67 , was booked on a charge of leaving the scene of a fatal accident .",1,2627,1,0.6646730264088839
tom hamilton said his daughter was conscious and alert and in stable condition after the attack friday morning .,"bethany , who remained in stable condition after the attack friday morning , talked of the attack saturday .",0,2649,1,0.7051211967709912
"the calgary woman , who is in her twenties , donated blood on aug. 7 .",the woman -- who has no symptoms of illness -- donated blood aug. 7 .,0,2655,0,0.44429042712360783
quattrone lawyer john w. keker said his client is innocent .,"in a statement monday , his lawyer john keker said ``frank quattrone is innocent .",1,2656,1,0.7828285724557184
"in the weeks leading up to the execution , several florida officials received anonymous threatening letters .","several florida officials connected to the case have received threatening letters , accompanied by rifle bullets .",0,2697,1,0.7503938019051987
the disagreement over online music sales was disclosed in documents filed last week with the judge and made available by the court yesterday .,the fight over online music sales was disclosed in documents made available monday by the court .,1,2698,1,0.7793190552172516
parson was charged with intentionally causing and attempting to cause damage to protected computers .,parson is charged with one count of intentionally causing damage to a protected computer .,1,2713,1,0.8367518147578102
""" the court and the public need to know much more of the details of the defendant 's seemingly massive fraud , "" the judge said .",""" the court and the public need to know more of the defendants ' seemingly massive fraud , "" he said .",1,2719,1,0.6566386222891467
the u.s. supreme court will hear arguments on wednesday on whether companies can be sued under the americans with disabilities act for refusing to rehire rehabilitated drug users .,the high court will hear arguments today on whether companies can be sued under the ada for refusing to rehire rehabilitated drug users .,1,2727,1,0.7277274373962177
the irs said taxpayers can avoid undelivered checks by having refunds deposited directly into their checking or savings accounts .,the irs said taxpayers can avoid problems with lost or stolen refunds by having refunds deposited directly into personal checking or savings accounts .,1,2730,1,0.7037477299827397
""" more than 70,000 men and women from bases in southern california were deployed in iraq .","in all , more than 70,000 troops based in southern california were deployed to iraq .",1,2731,1,0.7088053913615926
bp shares slipped 0.8 percent to 433.50 pence ( $ 6.85 ) each in afternoon trading on the london stock exchange .,bp shares slipped 48 cents to $ 41.72 friday in trading on the new york stock exchange .,1,2732,1,0.5907856168077857
"because of the accounting charge , the company now says it lost $ 1.04 billion , or 32 cents a share , in the quarter ended june 30 .","including the charge , the santa clara , calif.-based company said monday it lost $ 1.04 billion , or 32 cents per share , in the period ending june 30 .",1,2734,1,0.6106246654772114
friday 's report raised new worries that a weak job market could shackle the budding economic recovery despite a slight improvement in the overall unemployment rate .,"u.s. companies slashed payrolls for a seventh straight month in august , raising new worries that a weak jobs market could shackle the budding economic recovery .",0,2751,1,0.7431418024175485
federal emergency management administration designated $ 20 million to establish the registry .,the registry was launched with $ 20 million from the federal emergency management agency .,1,2767,1,0.6779382039625734
"breast cancer cases in the uk have hit an all-time high with more than 40,000 women diagnosed with the disease each year , cancer re-search uk revealed yesterday .","cases of breast cancer in britain have reached a record high , with the number of women diagnosed with the disease passing the 40,000 mark for the first time .",1,2775,1,0.6338930130508492
""" it was never our intention to sell the product , "" said health minister anne mcclellan , a skeptic of medical marijuana use .",""" it was never the intention of us to sell product , "" federal health minister anne mclellan said yesterday in edmonton .",1,2777,1,0.7637189879845581
"gm , the world 's largest automaker , has 115,000 active uaw workers and another 340,000 retirees and spouses .","they cover more than 300,000 uaw workers and 500,000 retirees and spouses .",0,2784,0,0.470484323328946
"rosenthal is hereby sentenced to custody of the federal bureau of prisons for one day with credit for time served , "" breyer said to tumultuous cheers in the courtroom .",""" rosenthal is hereby sentenced to custody of the federal bureau of prisons for one day with credit for time served . """,0,2793,1,0.7094015586197815
""" we are committed to helping the iraqi people get on the path to a free society , "" rumsfeld said in a speech to the council on foreign relations .",""" we are committed to helping the iraqi people get on the path to a free society , "" he said .",1,2821,1,0.7851922359022857
mr. young said he was disappointed that the government didn 't see the severe acute respiratory syndrome crisis as worthy of federal disaster-relief money .,young said he was disappointed the government didn 't see the sars crisis as worthy of federal disaster relief money .,1,2822,1,0.6496727301165204
the 12-nation currency has risen by 33 percent against the dollar over the past 15 months .,the euro is up 9 percent against the dollar in the past six weeks .,1,2827,1,0.5240062037795554
"in february 2000 , the officers — kenneth boss , sean carroll , edward mcmellon and richard murphy — were acquitted of all charges in the killing .","the officers -- kenneth boss , sean carroll , edward mcmellon and richard murphy -- were acquitted in 2000 of state murder charges .",1,2828,1,0.6573933769923557
i was surprised it turned out me talking and the president just listening .,""" i was surprised it turned out me talking and the president just listening . . . it was mostly a monologue . """,1,2829,1,0.6319301119831364
the state 's house delegation currently consists of 17 democrats and 15 republicans .,democrats hold a 17-15 edge in the state 's u.s. house delegation .,1,2834,1,0.5308343844722483
freddie also said leland c. brendsel will retire as chairman and chief executive and resign from the board .,"he replaces leland brendsel , 61 , who retired as chairman and chief executive .",0,2841,1,0.7787380344090892
we 'll be listening carefully to the [ iaea ] director general 's report at the next board meeting .,""" we 'll be listening carefully to the ( iaea ) director-general 's report at the next board meeting . """,1,2863,1,0.6689996358726221
"in that position , elias will report to joe tucci , president and ceo of emc .","as executive vice president of new ventures , elias will report to joe tucci , emc 's president and chief executive .",1,2875,1,0.6557017825540935
but with the pm due to leave tomorrow afternoon for personal reasons there was a risk he might not be present when the final decision was made .,"but with the prime minister due to leave tomorrow , a day early , he may not be present when the final decision is made .",1,2876,1,0.6806159052122002
"a pro-independence radical , miodrag zivkovic , of the liberal alliance , came in second with 31 percent of the vote .","miodrag zivkovic , of the liberal alliance of montenegro , won 31 percent of the vote while the independent dragan hajdukovic got four percent .",0,2892,0,0.3750477958584377
"mr. kerkorian tried unsuccessfully to take over chrysler in 1995 , but did win representation on its board .",kerkorian and tracinda had also tried to take over chrysler in 1995 .,0,2894,1,0.813297659871014
glover spoke at a news conference that included about 20 relatives of the victims .,about 20 family members of the victims were invited to the news conference .,0,2932,1,0.5219057725462546
"drax faced a financial crisis late last year after it lost its most lucrative sales contract , held with insolvent utility txu europe .","drax ’ s troubles began late last year when it lost its most lucrative sales contract , with the insolvent utility txu europe .",1,2987,1,0.6324220841719453
"but i would rather be talking about high standards than low standards . """,""" i would rather be talking about positive numbers rather than negative .",1,2994,1,0.6827284042675451
"it was not immediately known how many people were on flight uta 141 , which could carry 141 passengers and crew .","it was still not known exactly how many people were on the plane , which could carry 141 passengers and crew .",1,3003,1,0.7539441153306645
the market remains pinned in a narrow range after a powerful rally drove the broad standard & poor 's 500 index .spx up more than 20 percent since mid-march .,the market remains pinned in a narrow range after a powerful rally pushed the broad s & p 500 index up more than 20 percent since mid-march .,1,3010,1,0.5289711508268323
"witnesses said they believed the man planned to crash the launceston-bound qantas flight 1737 , which was carrying 47 passengers and six crew .","witnesses believe he wanted to crash flight 1737 , which had 47 passengers and six crew .",1,3013,1,0.6268252184544164
"as samudra sat down to hear the indictment , he looked over to his nine lawyers and shouted ``god is great ' ' three times .","as he sat down to hear the indictment , samudra looked over to his nine lawyers and shouted "" takbir ! "" , or "" proclaim ! "" , a religious rallying cry .",1,3021,1,0.733142091137712
"in hardest-hit taipei , traffic has disappeared from once bustling streets , ubiquitous department stores stand mostly empty and restaurants are eerily quiet .","in hardest-hit taipei , traffic has disappeared from once-bustling streets and department stores and restaurants are virtually empty .",1,3119,1,0.6539696958011064
"in a statement , lee said he "" no longer believes that viacom deliberately intended to trade on my name when naming spike tv . ""","spike lee no longer believes that viacom deliberately intended to trade on his name by calling its own venture "" spike tv , "" according to a statement read in court tuesday .",1,3120,1,0.6992150358634739
"singapore prime minister goh chok tong says china plays an important role in the integration of asia , including managing the stresses and strains both within and between countries .","hainan province , china : singapore prime minister goh chok tong said china plays an important role in the integration of asia .",0,3125,1,0.7773426564696488
"the worm attacks windows computers via a hole in the operating system , an issue microsoft on july 16 had warned about .","the worm attacks windows computers via a hole in the operating system , which microsoft warned of 16 july .",1,3130,1,0.7797006306803153
"the premium edition adds officefront page 2003 , acceleration server 2000 , and sql server 2000 .","the premium edition adds isa server , sql server and a specialized edition of biztalk 2004 .",0,3140,1,0.5927612040375844
"in the year-ago quarter , the steelmaker recorded a profit of $ 16.2 million , or 15 cents per share , on sales of $ 1.14 billion .","in the second quarter last year , ak steel reported a profit of $ 16.2 million , or 15 cents a share .",0,3142,0,0.4207812011718271
sony claimed that the reader 's capacitance sensing technology cannot be fooled by paper copies and does not require cleaning .,its capacitance sensing technology electronically reads a fingerprint ; sony says it can 't be fooled by paper copies and doesn 't require cleaning .,0,3145,1,0.6862917428336183
"amazon.com shipped out more than a million copies of the new book , making saturday the largest distribution day of a single item in e-commerce history .","amazon.com shipped more than a million copies by saturday afternoon , making saturday the largest distribution day of a single item in e-commerce history .",1,3153,1,0.6968466002525796
the show 's closure affected third-quarter earnings per share by a penny .,the company said this impacted earnings by a penny a share .,1,3155,1,0.731563396923453
"after the two-hour meeting on may 14 , publisher arthur o. sulzberger jr . , executive editor howell raines and managing editor gerald boyd pledged quick remedies to staff grievances .","the committee will make recommendations to publisher arthur sulzberger , executive editor howell raines and managing editor gerald boyd .",0,3167,1,0.585685442206669
it 's been a busy couple of days for security gurus assigned to keep their companies safe and sound .,it 's been a busy couple of days for enterprise security gurus tasked with the job of keeping their companies safe and sound .,1,3177,1,0.7556664275339248
lu reclined in a soft chair wearing a woolly coat near the blackened capsule .,""" it 's great to be back home , "" said lu , dressed in a woolly coat near the blackened capsule .",0,3183,1,0.6629750071785149
gov. bob riley proposed the budget cuts after alabama voters rejected his $ 1.2 billion tax plan sept . 9 .,"after alabama voters rejected his $ 1.2 billion tax plan sept . 9 , riley forecast significant cuts in state programs .",1,3184,1,0.7054459833233542
""" it is probably not the easiest time to come in and take over the shuttle program , but then again , i look forward to the challenge , "" he said .",""" it 's probably not the easiest time to come in and take over the shuttle program , but i look forward to the challenge , "" parsons told reporters at nasa headquarters .",1,3193,1,0.8574381357960137
estonia 's place in the european mainstream and safeguard its independence regained in 1991 .,estonia was forcibly incorporated in the soviet union in 1940 and regained its independence only in 1991 .,0,3210,1,0.6703363507244486
franklin county judge-executive teresa barton said a firefighter was struck by lightning and was taken to the frankfort regional medical center .,"a county firefighter , was struck by lightning and was in stable condition at frankfort regional medical center .",0,3216,0,0.44437000680082095
"police suspected that shaichat , 20 , had been abducted either by palestinians or by israeli arabs .","nobody claimed responsibility for schaichat 's death , but police suspect that the 20-year-old soldier was abducted either by palestinians or israeli arabs .",0,3237,1,0.5956778036597544
"during this year 's august to october quarter , lowe 's opened 38 new stores , including two relocations .","during the third quarter , lowe 's opened 38 new stores and now has 932 stores in 45 states .",0,3239,1,0.6989510300590345
"the technology-laced nasdaq composite index < .ixic > declined 25.78 points , or 1.56 percent , to 1,627.84 .","the broader standard & poor 's 500 index .spx gave up 11.91 points , or 1.19 percent , at 986.60 .",0,3251,0,0.17653380544351932
"sony said the psp would also feature a 4.5-inch lcd screen , memory stick expansion slots .",it also features a 4.5 in back-lit lcd screen and memory expansion facilities .,1,3261,1,0.6946352491985046
"clinton did not mention that two democratic senators , charles robb of virginia and wendell ford of kentucky , voted to shelve the mccain bill .","two democrats , sen. charles robb of virginia and wendell ford of kentucky , voted with the 40 republicans .",0,3281,1,0.8257997132787748
"some of the company 's software developers will join microsoft , but details haven 't been finalized , said mike nash , corporate vice president of microsoft 's security business unit .","some of the companys software developers will join microsoft , but details havent been finalized , said mike nash , corporate vice president of microsofts security business unit .",1,3289,1,0.7431376471393927
wal-mart has said it plans to open at least 40 supercenters in the state in the coming years ; analysts expect four or more to be in san diego county .,"at least 40 of the outlets will be in california , and analysts expect four or more to be in san diego county .",0,3312,1,0.666670646517504
"cintas is battling efforts to unionize 17,000 of its workers and to let unions organize the workers by signing cards , rather than by a lengthy election process .","cintas is battling efforts to unionize 17,000 of its workers and labor 's demands to let its workers organize by signing cards , rather than by a lengthy election process .",1,3313,1,0.6918118804735561
"the opposition would resort to rolling mass action "" at strategic times of our choice and without warning to the dictatorship , "" he said .",""" from now onwards we will embark on rolling mass action at strategic times of our choice and without any warning to the dictatorship , "" he said .",1,3316,1,0.8473235318948846
federal agriculture minister warren truss said the government still did not know the real reason the sheep were rejected at the saudi port of jeddah on august 21 .,he said the government still did not know the real reason the original saudi buyer pulled out on august 21 .,1,3319,1,0.8056448714924535
"tom kraynak , manager of operations and resources for the canton , ohio-based east central area reliability council , said that scenario is one among many that investigators are considering .","tom kraynak , manager of operations and resources for the canton , ohio-based east central area reliability council , said investigators are considering the scenario .",1,3323,1,0.8138115344726164
hester said sanmina was the best fit among several purchase offers the company received from electronics manufacturers and computer makers .,hester said sanmina 's offer was the best among several newisys received from electronics manufacturers and computer makers .,1,3351,1,0.7654492179547887
"the other inmate fell but selenski shimmed down the makeshift rope to a second-story roof and used the mattress to scale a razor-wire fence , fischi said .","after the other inmate fell , selenski used the mattress to scale a 10-foot , razor-wire fence , fischi said .",0,3356,1,0.7582689719896035
"the hearing , expected to last a week , will determine whether akbar faces a court-martial .",the purpose of the hearing is to determine whether akbar should be court-martialled .,1,3364,1,0.6125138877443587
he said he has begun a court action to seize beacon hill 's assets and has frozen more than $ 13 million beacon hill had when it closed .,he said he has initiated a forfeiture action in court and frozen more than $ 13 million beacon hill had when it closed .,1,3376,1,0.7111963484009913
"speaking for the first time yesterday , brigitte 's maternal aunt said his family was unaware he had was in prison or that he had remarried .","brigitte 's maternal aunt said his family was unaware he had been sent to prison , or that he had remarried in sydney .",1,3382,1,0.666914309674408
""" close co-operation between our law enforcement agencies , close co-operation between our intelligence services lie at the heart of the ongoing fight against terrorism . ""","close cooperation between regional law enforcement agencies and intelligence services was at the heart of the fight against terrorism , he said .",1,3392,1,0.6610778565866303
the mother of a briton held by colombian guerrillasspoke of her relief yesterday after hearing that he might be freed in the next few weeks .,the parents of a briton being held hostage by colombian rebels spoke yesterday of their optimism that he would be freed in time for his birthday next month .,0,3399,1,0.8206471486094202
we strongly disagree with novell 's position and view it as a desperate measure to curry favor with the linux community .,"mcbride characterized novell 's move as "" a desperate measure to curry favor with the linux community . """,0,3401,1,0.6020901006166813
"after more than two years ' detention under the state security bureau , the four were found guilty of subversion in beijing 's no. 1 intermediate court last wednesday .","after more than two years in detention by the state security bureau , the four were found guilty last wednesday of subversion .",1,3404,1,0.6992675646106532
"mr russell , 46 , a coal miner from brisbane , said : "" they are obviously hurting , so we are basically going over there to help them . """,""" they are obviously hurting so we are basically going over there to help them , "" russell , 46 , said .",1,3411,1,0.8381874085030033
"the new york democrat and former first lady has said she will not run for the white house in 2004 , but has not ruled out a race in later years .",the former first lady has said she will not run for the white house in 2004 but has not ruled out a race later on .,1,3412,1,0.5580977081213819
it does not affect the current windows media player 9.0 series .,windows media player has had security problems before .,0,3423,1,0.7286487409030559
"the seizure took place at 4 a.m. on march 18 , just hours before the first american air assault .","the time was about 4 a.m. on march 18 , just hours before the first pinpoint missiles rained down on the capital .",0,3433,0,0.4869782087165803
"donations stemming from the sept . 11 attacks helped push up contributions to human service organizations and large branches of the united way by 15 percent and 28.6 percent , respectively .",donations stemming from the sept . 11 attacks helped push up contributions to human service organizations by 15 percent and to large branches of the united way by 28.6 percent .,1,3441,1,0.5267594558587853
"in may , mr. hatfill said he was struck by a vehicle being driven by an fbi employee who was tailing him in georgetown .","last may , hatfill was struck by a vehicle being driven by an fbi employee who was tailing him in washington 's georgetown neighborhood .",1,3452,1,0.6169288003195579
""" i will support a constitutional amendment which would honor marriage between a man and a woman , codify that , "" he said .",""" if necessary , i will support a constitutional amendment which would honour marriage between a man and a woman , codify that . """,1,3457,1,0.7578655835656086
ibm of the us and infineon technologies of germany will today announce a technological development that could threaten multi-billion dollar memory chip markets .,ibmof the us andinfineon technologies of germany willon tuesdayannounce a technological development that could threaten multi-billion dollar memory chip markets .,1,3470,1,0.7837128050522141
"costa 's semifinal opponent is spaniard juan carlos ferrero , whom he beat in last year 's final .",costa will play juan carlos ferrero next in a rematch of last year 's final .,0,3476,1,0.5957275433115754
a former employee of a local power company pleaded guilty wednesday to setting off a bomb that knocked out a power substation during the winter olympics last year .,a former utah power meter reader pleaded guilty wednesday to bombing a power substation during the 2002 winter olympics .,1,3483,1,0.7740240361251994
thyroid hormones are known to help in weight loss by stimulating metabolism - and cutting cholesterol - but come with the unwanted side effect of speeding up the heartbeat .,"thyroid hormones are known to help in weight loss by stimulating metabolism , and they can help cut cholesterol too .",0,3501,1,0.6348439481866778
"judge craig doran said it wasn 't his role to determine if hovan was "" an evil man "" but maintained that "" he has committed an evil act . ""","judge craig doran said he couldn 't determine if hovan was "" an evil man "" but said he "" has committed an evil act . """,1,3506,1,0.7261473670268499
"the hartford shares rose $ 2.88 , or 6.6 percent , to close monday at $ 46.50 on the new york stock exchange .",shares of hartford rose $ 2.88 to $ 46.50 in new york stock exchange composite trading .,0,3518,0,0.48002007758153864
it also offers a built-in nand flash boot loader so that high-density nand flash memory can be used without having to install an additional support chip .,"the s3c2440 has a built-in nand flash boot loader , for example , so that high-density nand flash memory can be installed without an additional support chip .",1,3523,1,0.7519280244136548
"it decided instead to issue them before the stock market opened monday after the downgrade of its debt late friday by moody 's , the credit rating agency .",it decided instead to issue them before the stock market opened monday to counteract the downgrade of its debt late friday by moody 's to one step above junk status .,0,3531,1,0.734594056565131
altria shares fell 2.5 percent or $ 1.11 to $ 42.57 and were the dow 's biggest percentage loser .,"its shares fell $ 9.61 to $ 50.26 , ranking as the nyse 's most-active issue and its biggest percentage loser .",0,3538,1,0.5465089679903188
"it will be followed in november by a third movie , "" the matrix revolutions . ""","the film is the second of a trilogy , which will wrap up in november with "" the matrix revolutions . """,1,3555,1,0.7176640583210724
massachusetts regulators and the securities and exchange commission on tuesday pressed securities fraud charges against putnam investments and two of its former portfolio managers for alleged improper mutual fund trading .,state and federal securities regulators filed civil charges against putnam investments and two portfolio managers in the ever-expanding mutual fund trading scandal .,1,3563,1,0.6091184403125085
"he is blocking them until the air force assigns four additional c-130 cargo planes to gowen field , an idaho air national guard base in boise .",he is holding them up until the air force agrees to assign four additional c-130 cargo planes to the idaho air national guard .,1,3575,1,0.7782465235749011
cisco pared spending to compensate for sluggish sales .,"in response to sluggish sales , cisco pared spending .",1,3583,1,0.6898414138147059
"the study , published monday in the journal molecular brain research , is likely to also apply to humans , its authors said .","the study , conducted on the brains of developing mice , was being published today in the journal molecular brain research .",0,3584,1,0.7424942721942629
"my decision today is not based on any one event . ""","governor rowland said his decision was "" not based on any one event . """,1,3589,1,0.755026817016209
"nelson , 27 , is being retried on civil-rights charges stemming from the disturbance which led to rosenbaum 's death .","nelson , 27 , is being retried on civil rights charges stemming from the disturbance that led to rosenbaum 's death .",1,3599,1,0.622307522608221
""" the government elements who have been causing trouble are still in place .","the government elements who have been causing trouble are still in place , they are attacking us . """,0,3615,1,0.7399551552141631
"next monday at about 2 p.m. ( cst ) , hospital officials in and near chicago will notice a sudden increase in people complaining of flu-like symptoms .","around the same time , hospital officials in and near chicago will notice a sudden increase in people complaining of flu-like symptoms .",1,3636,1,0.6760881662116656
"wal-mart stores inc . , kohl 's corp. , family dollar stores inc. and big lots inc. were among the merchants posting may sales that fell below wall street 's modest expectations .","wal- mart , kohl 's corp. , family dollar stores inc . , and big lots inc. posted may sales that fell below wall street 's modest expectations .",1,3639,1,0.8052028318416842
the patch also fixes a vulnerability that results because ie does not implement an appropriate block on a file download dialog box .,the second vulnerability is a result of ie not implementing a block on a file download dialog box .,0,3643,1,0.6914983827549636
"peterson , a former fertilizer salesman , is charged with murder in the deaths of his 27-year-old wife and the baby boy she was carrying .","peterson , 31 , is now charged with murder in the deaths of his 27-year-old wife and their unborn son .",1,3647,1,0.7195879588605705
spot products run a microsoft operating system and the company 's directband radio technology developed with sca data systems .,the directband network was developed with the assistance of sca data systems .,0,3654,1,0.7158669343008404
"he replaces ron dittemore , who announced his resignation in april .",dittemore announced his plans to resign on april 23 .,0,3662,1,0.6411740030228521
"detectives told deasean 's father , stelly chisolm , a college student , and mother , kimberly hill , of the arrest shortly after perry was apprehended .","shortly after his arrest , detectives told deasean 's father , stelly chisolm , a college student , and mother , kimberly hill , a medical assistant , about the development .",1,3668,1,0.7033929219930831
they were among about 40 people attending the traditional jewish ceremony colored by some non-traditional touches .,he said about 40 people attended the traditional jewish ceremony colored by some nontraditional touches .,1,3673,1,0.7212834460454559
taiwan had been relatively free of the viral infection until a fiasco at a taipei hospital in late april caused the number of infections to skyrocket .,taiwan had been relatively free of the viral infection until a severe outbreak at a taipei hospital in late april .,1,3689,1,0.6478804522574667
mr. rowland attended a party in south windsor for the families of connecticut national guard soldiers called to active duty .,rowland was making an appearance at a holiday party for families of connecticut national guard soldiers assigned to duty in iraq and afghanistan .,1,3699,1,0.7442041012297056
"ross garber , rowland 's lawyer , said tuesday he would attend the meeting and would ask to speak on the issue .","ross garber , rowland 's legal counsel , said the governor would have no comment on the condo deal .",0,3705,1,0.7153502865245274
"the euro was at 1.5281 versus the swiss franc eurchf = , up 0.2 percent on the session , after hitting its highest since mid-2001 around 1.5292 earlier in the session .",the euro was steady versus the swiss franc after hitting its highest since mid-2001 of 1.5261 earlier in the session .,0,3720,0,0.4184479927923987
"on the stand wednesday , she said she was referring only to the kissing .","on the stand wednesday , she testified that she was referring to the kissing before the alleged rape .",0,3729,1,0.6160476992921828
"garner said the group would probably be expanded to include , for example , a christian and perhaps another sunni leader .",the group has already met several times and gen. garner said it probably will be expanded to include a christian and perhaps another sunni muslim leader .,0,3732,1,0.7554834020723078
blair 's foreign secretary jack straw was to take his place on monday to give a statement to parliament on the european union .,blair 's office said his foreign secretary jack straw would take his place on monday to give a statement to parliament on the eu meeting the prime minister attended last week .,1,3733,1,0.7809828399045052
""" there were more people surrounding the clubhouse than the unabomber 's house up in the hills , "" baker said .",""" there are more people surrounding the clubhouse than surrounded the unabomber 's home in the hills .",1,3741,1,0.6857332554408202
"charles o. prince , 53 , was named as mr. weill 's successor .","mr. weill 's longtime confidant , charles o. prince , 53 , was named as his successor .",1,3748,1,0.6193045232344488
"officials are also meeting with the international organization for epizootics ( oie ) , which establishes animal-health standards for the world .","canadian officials were also expected to meet yesterday with the international organization for epizootics ( oie ) , which establishes animal-health standards for the world .",1,3753,1,0.7184039382226852
"ge stock closed friday at $ 30.65 a share , down about 42 cents , on the new york stock exchange .",ge 's shares closed at $ 30.65 on friday on the new york stock exchange .,0,3755,1,0.6280799156539468
"the midwestern research center will focus on the development of diagnostic , therapeutic and vaccine products for anthrax , botulism , tularemia , hemorrhagic fever viruses and plague .","the midwestern center will focus on diagnosis , treatment and vaccines for anthrax , botulism , tularemia , hemorrhagic fever viruses and plague .",1,3773,1,0.6866826544098164
the hearing is to determine whether there is enough evidence to order akbar to a general court-martial proceeding .,the purpose of the hearing is to determine whether akbar should be court-martialled .,1,3774,1,0.6307024031478606
"in the united states , heart attacks kill about 460,000 year , in canada about 80,000 .","in the united states , heart attacks kill about 460,000 yearly , according to the national institutes of health .",0,3775,1,0.5919351748234147
ninety-five percent of international cargo to the united states is carried by ship .,ships carry 95 percent of international cargo to the united states .,1,3778,1,0.6413949470356203
""" it 's a major victory for maine , and it 's a major victory for other states .",the maine program could be a model for other states .,0,3783,1,0.6740653079423099
news that oil producers were lowering their output starting in november exacerbated a sell-off that was already under way on wall street .,news that the organization of petroleum exporting countries was lowering output starting in november exacerbated a stock sell-off already under way yesterday .,1,3788,1,0.83234356806711
"they note that after several weeks of rallies on upbeat earnings , investors are looking for stronger evidence of a recovery before sending stocks higher .","after several weeks of market rallies on upbeat earnings , many investors are looking for more concrete signs of an economic recovery .",1,3792,1,0.8171184168145376
"most economists had expected a more dire report , with many anticipating the fifth month of job losses in six months .","most economists had been expecting a far more dire report , with many expecting to see the fifth month of job losses in six months in september .",1,3839,1,0.5851995863974525
"but software license revenues , a measure financial analysts watch closely , decreased 21 percent to $ 107.6 million .","license sales , a key measure of demand , fell 21 percent to $ 107.6 million .",1,3868,1,0.5091722278912933
"king , brand-name writer , master of the horror story and e-book pioneer , is receiving this year 's medal for distinguished contributions to american letters .","stephen king , master of the horror story and e-book pioneer , is receiving this year 's medal for distinguished contributions to american letters from the national book foundation .",1,3876,1,0.5887160167902838
the denver-based natural gas producer and marketer said the inaccurate reporting was discovered after it received a subpoena from the u.s. commodity futures trading commission .,"the natural gas producer and marketer said the inaccurate reporting was discovered in response to a subpoena from the u.s. commodity futures trading commission , or cftc .",1,3887,1,0.6323141654730062
"the steel tariffs , which the u.s. president imposed in march 2002 , will officially end at midnight , instead of march 2005 as initially planned .","the u.s. steel tariffs , which bush imposed in march 2002 , were to officially end at midnight thursday ( 0500 gmt ) , instead of march 2005 as initially planned .",1,3889,1,0.6600745573659259
business week 's online edition reported on friday that worldcom and the sec could announce a settlement as early as monday .,"businessweek online has learned that the settlement could come as early as monday , may 19 .",1,3922,1,0.7622614057856362
"only one of the five buildings in the baghdad compound of the united nations development program escaped being burned , the un said on its web site .","only one of the five buildings in the compound in baghdad run by the un development program , escaped being burned , the un said on its web site .",1,3961,1,0.8100195765828397
shares of salix have rocketed 64 percent since axcan made its first offer on april 10 .,"since the initial takeover offer , salix shares have risen about 35 percent .",1,3975,1,0.583239579180263
"the jury verdict , reached wednesday after less than four hours of deliberation , followed a 2 week trial , during which waagner represented himself .","the quick conviction followed a 2 1 / 2 week trial , during which the venango county man represented himself .",1,3989,1,0.7413402894819525
it 's happened five times in the last 11 years : a disaster puts this southwestern town in the headlines during the summer tourist season .,"it 's happened five times in the last decade : a disaster puts this tourist town in the headlines during summer , its busiest season .",1,3997,1,0.6688438303134225
"the broader standard & poor 's 500 index .spx edged down 9 points , or 0.98 percent , to 921 .","the technology-laced nasdaq composite index < .ixic > shed 15 points , or 0.98 percent , to 1,492 .",0,3998,0,0.16534903233287518
the company emphasized that mcdonald 's usa does not import any raw beef or hamburger patties from canada for mcdonald 's use in the united states .,mcdonald 's said in a statement that it does not import any raw beef or hamburger patties from canada for use in the united states .,1,4014,1,0.7622029900332379
"gregory parseghian , a former investment banker , was appointed chief executive .",greg parseghian was appointed the new chief executive .,1,4020,1,0.6313412974719859
"their contract will expire at 12 : 01 a.m. wednesday instead of 12 : 01 a.m. sunday , said rian wathen , organizing director for united food and commercial workers local 700 .",""" it has outraged the membership , "" said rian wathen , organizing director of united food and commercial workers local 700 .",0,4023,1,0.7166787466186725
but plaque volume increased by 2.7 percent in pravastatin patients .,the volume of plaque in pravachol patients ' arteries rose by 3 % .,1,4028,1,0.6061506955440253
"today in the us , the book - kept under wraps by its publishers , g. p. putnam 's sons , since its inception - will appear in bookstores .","tomorrow the book , kept under wraps by g. p. putnam 's sons since its inception , will appear in bookstores .",1,4040,1,0.7780336572824816
"the s & p / tsx composite rose 87.74 points on the week , while the tsx venture exchange composite gained 44.49 points .","on the week , the dow jones industrial average rose 11.56 points , while the nasdaq stock market gained 39.42 points .",0,4049,0,0.37605578261599487
ex-kgb agent putin added that the beatles were considered ' propaganda of an alien ideology ' .,"in soviet times the beatles ' music "" was considered propaganda of an alien ideology .",1,4053,1,0.788954497725996
